Peso,Altura,Resultado,Classificação
82,1.75,26.7755102,ACIMA_PESO
65,1.75,21.2244898,PESO_NORMAL
82,1.75,26.7755102,ACIMA_PESO
56,1.8,17.28395062,ABAIXO_PESO
70,1.75,22.85714286,PESO_NORMAL
80,1.62,30.48315806,OBESIDADE_I
110,1.68,38.9739229,OBESIDADE_II
160,1.75,52.24489796,OBESIDADE_MORBIDA
250,1.75,81.63265306,OBESIDADE_MORBIDA
